종목코드,종목명
A292110,TIGER 대형가치
A292100,TIGER 대형성장
A292120,TIGER 중소형
A292140,TIGER 중소형가치
A292130,TIGER 중소형성장
A139220,TIGER 200 건설
A139290,TIGER 200 경기소비재
A139270,TIGER 200 금융
A227550,TIGER 200 산업재
A227560,TIGER 200 생활소비재
A139230,TIGER 200 중공업
A139240,TIGER 200 철강소재
A315270,TIGER 200커뮤니케이션서비스
A139280,TIGER 경기방어
A261060,TIGER 코스닥150IT
A261070,TIGER 코스닥150바이오테크
A098560,TIGER 방송통신
A157490,TIGER 소프트웨어
A228790,TIGER 화장품
A138540,TIGER 현대차그룹+펀더멘털
A138530,TIGER LG그룹+펀더멘털
A228810,TIGER 미디어컨텐츠
A228800,TIGER 여행레저
A305540,TIGER 2차전지테마
A307510,TIGER 의료기기
A174350,TIGER 로우볼
A147970,TIGER 모멘텀
A170350,TIGER 베타플러스
A217790,TIGER 가격조정
A227570,TIGER 우량가치
A329200,TIGER 부동산인프라고배당
A261140,TIGER 우선주
A069500,KODEX 200
A091160,KODEX 반도체
A091170,KODEX 은행
A091180,KODEX 자동차
A102780,KODEX 삼성그룹
A102960,KODEX 기계장비
A102970,KODEX 증권
A117460,KODEX 에너지화학
A117680,KODEX 철강
A117700,KODEX 건설
A140700,KODEX 보험
A140710,KODEX 운송
A211900,KODEX 배당성장
A213610,KODEX 삼성그룹밸류
A223190,KODEX 200가치저변동
A226490,KODEX 코스피
A226980,KODEX 200 중소형
A229200,KODEX 코스닥 150
A229720,KODEX KTOP30
A237350,KODEX 코스피100
A244580,KODEX 바이오
A244620,KODEX 모멘텀Plus
A244660,KODEX 퀄리티Plus
A244670,KODEX 밸류Plus
A247780,KODEX 가치투자
A247790,KODEX 성장투자
A247800,KODEX 턴어라운드투자
A266360,KODEX 미디어&엔터테인먼트
A266370,KODEX IT
A266390,KODEX 경기소비재
A266410,KODEX 필수소비재
A266420,KODEX 헬스케어
A279540,KODEX 최소변동성
A305720,KODEX 2차전지산업
A325010,KODEX Fn성장
A325020,KODEX 배당가치
A337120,KODEX Fn멀티팩터
A363580,KODEX 200IT TR
A315930,KODEX Top5Plus TR
A300950,KODEX 게임산업
A290130,KBSTAR ESG사회책임투자
A326230,KBSTAR 내수주플러스
A161510,ARIRANG 고배당주
A322400,HANARO e커머스
A245340,TIGER 미국다우존스30
A133690,TIGER 미국나스닥100
A153130,KODEX 단기채권
A261250,KODEX 미국달러선물레버리지